Position,Const,Created,Modified,Description,Title,Original Title,URL,Title Type,IMDb Rating,Runtime (mins),Year,Genres,Num Votes,Release Date,Directors
1,tt10530176,2023-11-21,2023-11-21,,"The Call","Kol",https://www.imdb.com/title/tt10530176/,Movie,7.1,112,2020,"Crime, Horror, Mystery, Sci-Fi, Thriller",51277,2020-11-27,"Chung-Hyun Lee"
2,tt11385128,2023-11-21,2023-11-21,,"V","V",https://www.imdb.com/title/tt11385128/,Movie,6.8,140,2020,"Action, Crime, Thriller",9874,2020-09-05,"Mohana Krishna Indraganti"
3,tt10556036,2023-11-24,2023-11-24,,"Jiivi","Jiivi",https://www.imdb.com/title/tt10556036/,Movie,7.7,122,2019,"Drama, Thriller",2057,2019-06-28,"V.J. Gopinath"
4,tt7057496,2023-11-21,2023-11-21,,"Forgotten","Gi-eok-ui bam",https://www.imdb.com/title/tt7057496/,Movie,7.4,108,2017,"Crime, Mystery, Thriller",58591,2018-02-21,"Jang Hang-jun"
5,tt7019942,2023-11-24,2023-11-24,,"Super Deluxe","Super Deluxe",https://www.imdb.com/title/tt7019942/,Movie,8.2,176,2019,"Comedy, Crime, Drama, Thriller",19610,2019-04-05,"Thiagarajan Kumararaja"
6,tt15353762,2023-11-24,2023-11-24,,"Jiivi 2","Jiivi 2",https://www.imdb.com/title/tt15353762/,Movie,6.5,122,2022,"Drama",562,2022-08-19,"V.J. Gopinath"
7,tt8108268,2023-11-21,2023-11-21,,"The Tashkent Files","The Tashkent Files",https://www.imdb.com/title/tt8108268/,Movie,8.1,134,2019,"Drama, Mystery, Thriller",38475,2019-04-12,"Vivek Agnihotri"
8,tt10545484,2023-11-21,2023-11-21,,"Evaru","Evaru",https://www.imdb.com/title/tt10545484/,Movie,8.1,118,2019,"Mystery, Thriller",9565,2019-08-16,"Venkat Ramji"
9,tt10811166,2023-11-21,2023-11-21,,"The Kashmir Files","The Kashmir Files",https://www.imdb.com/title/tt10811166/,Movie,8.5,170,2022,"Drama",578136,2022-03-11,"Vivek Agnihotri"
10,tt24059780,2023-11-25,2023-11-25,,"Virupaksha","Virupaksha",https://www.imdb.com/title/tt24059780/,Movie,7.2,145,2023,"Action, Horror, Mystery, Thriller",7054,2023-04-21,"Karthik Varma Dandu"
11,tt11323316,2023-11-21,2023-11-21,,"Penguin","Penguin",https://www.imdb.com/title/tt11323316/,Movie,4.5,132,2020,"Drama, Mystery, Thriller",2676,2020-06-19,"Eashvar Karthic"
12,tt11953248,2023-11-21,2023-11-21,,"Garuda Gamana Vrishabha Vahana","Garuda Gamana Vrishabha Vahana",https://www.imdb.com/title/tt11953248/,Movie,8.2,151,2021,"Crime, Drama, Thriller",9134,2021-11-19,"Raj B. Shetty"
13,tt9900782,2023-11-21,2023-11-21,,"Kaithi","Kaithi",https://www.imdb.com/title/tt9900782/,Movie,8.4,145,2019,"Action, Crime, Thriller",50382,2019-10-25,"Lokesh Kanagaraj"
14,tt9179430,2023-11-21,2023-11-21,,"Vikram","Vikram",https://www.imdb.com/title/tt9179430/,Movie,8.3,175,2022,"Action, Crime, Thriller",87675,2022-06-03,"Lokesh Kanagaraj"
15,tt15654328,2023-11-21,2023-11-21,,"Leo","Leo",https://www.imdb.com/title/tt15654328/,Movie,7.2,164,2023,"Action, Crime, Drama, Thriller",72729,2023-10-19,"Lokesh Kanagaraj"
16,tt3417422,2023-11-21,2023-11-21,,"Drishyam","Drishyam",https://www.imdb.com/title/tt3417422/,Movie,8.4,160,2013,"Crime, Drama, Mystery, Thriller",47142,2013-12-19,"Jeethu Joseph"
17,tt12361178,2023-11-21,2023-11-21,,"Drishyam 2","Drishyam 2",https://www.imdb.com/title/tt12361178/,Movie,8.4,152,2021,"Crime, Drama, Mystery, Thriller",44112,2021-02-19,"Jeethu Joseph"
18,tt11490170,2023-11-21,2023-11-21,,"Hit","Hit",https://www.imdb.com/title/tt11490170/,Movie,7.6,125,2020,"Crime, Drama, Mystery, Thriller",10481,2020-02-28,"Sailesh Kolanu"
19,tt14279982,2023-11-21,2023-11-21,,"HIT: The 2nd Case","HIT: The 2nd Case",https://www.imdb.com/title/tt14279982/,Movie,7.2,150,2022,"Crime, Drama, Mystery, Thriller",11490,2022-12-02,"Sailesh Kolanu"
20,tt13551614,2023-11-21,2023-11-21,,"Kuruthi","Kuruthi",https://www.imdb.com/title/tt13551614/,Movie,7.5,122,2021,"Thriller",6816,2021-08-11,"Manu Warrier"
21,tt5372466,2023-11-21,2023-11-21,,"Iru Mugan","Iru Mugan",https://www.imdb.com/title/tt5372466/,Movie,6.3,154,2016,"Action, Sci-Fi, Thriller",4694,2016-09-09,"Anand Shankar"
22,tt3394420,2023-11-21,2023-11-21,,"Ulidavaru Kandanthe","Ulidavaru Kandanthe",https://www.imdb.com/title/tt3394420/,Movie,8.4,154,2014,"Crime, Drama, Thriller",10085,2014-07,"Rakshit Shetty"
23,tt13206926,2023-11-21,2023-11-21,,"Joji","Joji",https://www.imdb.com/title/tt13206926/,Movie,7.7,113,2021,"Crime, Drama",12628,2021-04-07,"Dileesh Pothan"
24,tt2911666,2023-11-21,2023-11-21,,"John Wick","John Wick",https://www.imdb.com/title/tt2911666/,Movie,7.5,101,2014,"Action, Crime, Thriller",809978,2015-04-10,"Chad Stahelski"
25,tt4425200,2023-11-21,2023-11-21,,"John Wick: Chapter 2","John Wick: Chapter 2",https://www.imdb.com/title/tt4425200/,Movie,7.4,122,2017,"Action, Crime, Thriller",559271,2017-02-17,"Chad Stahelski"
26,tt6146586,2023-11-21,2023-11-21,,"John Wick: Chapter 3 - Parabellum","John Wick: Chapter 3 - Parabellum",https://www.imdb.com/title/tt6146586/,Movie,7.4,130,2019,"Action, Crime, Drama, Thriller",470624,2019-05-17,"Chad Stahelski"
27,tt0144084,2023-11-21,2023-11-21,,"American Psycho","American Psycho",https://www.imdb.com/title/tt0144084/,Movie,7.6,102,2000,"Comedy, Crime, Drama, Horror",814300,2000-04-21,"Mary Harron"
28,tt7838252,2023-11-21,2023-11-21,,"K.G.F","K.G.F: Chapter 1",https://www.imdb.com/title/tt7838252/,Movie,8.2,154,2018,"Action, Crime, Drama, Thriller",109000,2018-12-21,"Prashanth Neel"
29,tt10698680,2023-11-21,2023-11-21,,"K.G.F: Chapter 2","K.G.F: Chapter 2",https://www.imdb.com/title/tt10698680/,Movie,8.2,166,2022,"Action, Crime, Drama, Thriller",166707,2022-04-13,"Prashanth Neel"
30,tt0993846,2023-11-21,2023-11-21,,"The Wolf of Wall Street","The Wolf of Wall Street",https://www.imdb.com/title/tt0993846/,Movie,8.2,180,2013,"Biography, Comedy, Crime, Drama",1743768,2014-01-17,"Martin Scorsese"
31,tt15560626,2023-11-21,2023-11-21,,"Bhoothakaalam","Bhoothakaalam",https://www.imdb.com/title/tt15560626/,Movie,7.4,105,2022,"Drama, Horror, Mystery",5415,2022-01-21,"Rahul Sadasivan"
32,tt24517458,2023-11-21,2023-11-21,,"RDX: Robert Dony Xavier","RDX: Robert Dony Xavier",https://www.imdb.com/title/tt24517458/,Movie,7.0,151,2023,"Action, Adventure",6124,2023-09-24,"Nahas Hidhayath"
33,tt10594792,2023-11-21,2023-11-21,,"Mafia","Mafia",https://www.imdb.com/title/tt10594792/,Movie,5.9,113,2020,"Action, Crime, Drama",1844,2020-02-21,"Karthick Naren"
34,tt11375428,2023-11-21,2023-11-21,,"Hridayam","Hridayam",https://www.imdb.com/title/tt11375428/,Movie,8.0,172,2022,"Drama, Musical, Romance",20013,2022-01-28,"Vineeth Sreenivasan"
35,tt12299714,2023-11-21,2023-11-21,,"Thittam Irandu","Thittam Irandu",https://www.imdb.com/title/tt12299714/,Movie,7.1,120,2021,"Crime, Drama, Mystery, Thriller",3012,2021-07-30,"Vignesh Karthick"
36,tt12472554,2023-11-21,2023-11-21,,"Mahaan","Mahaan",https://www.imdb.com/title/tt12472554/,Movie,7.7,163,2022,"Action, Drama, Thriller",18874,2022-02-10,"Karthik Subbaraj"
37,tt7479902,2023-11-21,2023-11-21,,"Gultoo","Gultoo",https://www.imdb.com/title/tt7479902/,Movie,7.8,128,2018,"Crime, Drama",1624,2018-04-13,"Janardhan Chikkanna"
38,tt6380520,2023-11-21,2023-11-21,,"Dhuruvangal Pathinaaru","Dhuruvangal Pathinaaru",https://www.imdb.com/title/tt6380520/,Movie,8.2,105,2016,"Crime, Drama, Mystery, Thriller",18689,2016-12-29,"Karthick Naren"
39,tt7179714,2023-11-21,2023-11-21,,"Iravukku Aayiram Kangal","Iravukku Aayiram Kangal",https://www.imdb.com/title/tt7179714/,Movie,7.3,122,2018,"Action, Thriller",1512,2018-05-11,"Mu. Maran"
40,tt9544034,2023-11-21,2023-11-21,,"The Family Man","The Family Man",https://www.imdb.com/title/tt9544034/,TV Series,8.7,45,2019,"Action, Comedy, Crime, Drama, Thriller",109981,2019-09-20,
41,tt14167390,2023-11-21,2023-11-21,,"House of Secrets: The Burari Deaths","House of Secrets: The Burari Deaths",https://www.imdb.com/title/tt14167390/,TV Mini Series,7.4,45,2021,"Documentary, Crime, History, Mystery",14067,2021-10-08,
42,tt21811888,2023-11-21,2023-11-21,,"Indian Predator: The Diary of a Serial Killer","Indian Predator: The Diary of a Serial Killer",https://www.imdb.com/title/tt21811888/,TV Series,6.2,,2022,"Documentary, Crime, History",2346,2022-09-07,
43,tt10919420,2023-11-21,2023-11-21,,"Squid Game","Ojing-eo geim",https://www.imdb.com/title/tt10919420/,TV Series,8.0,60,2021,"Action, Crime, Drama, Mystery, Thriller",732938,2021-09-17,
44,tt7060344,2023-11-21,2023-11-21,,"Raatchasan","Ratsasan",https://www.imdb.com/title/tt7060344/,Movie,8.3,146,2018,"Crime, Drama, Mystery, Thriller",58388,2018-10-05,"Ram Kumar"
45,tt10717738,2023-11-21,2023-11-21,,"Anjaam Pathiraa","Anjaam Pathiraa",https://www.imdb.com/title/tt10717738/,Movie,7.9,144,2020,"Crime, Mystery, Thriller",11796,2020-01-31,"Midhun Manuel Thomas"
46,tt6836602,2023-11-21,2023-11-21,,"Traataka","Traataka",https://www.imdb.com/title/tt6836602/,Movie,8.2,127,2018,"Crime, Thriller",97,2018-08-31,"Shivaganesh"
47,tt12299774,2023-11-21,2023-11-21,,"November Story","November Story",https://www.imdb.com/title/tt12299774/,TV Series,7.6,40,2021,"Crime, Mystery, Thriller",7293,2021-05-20,
48,tt3824442,2023-11-21,2023-11-21,,"Sarabham","Sarabham",https://www.imdb.com/title/tt3824442/,Movie,7.1,133,2014,"Mystery",618,2014-08-01,"Arun Mohan"
49,tt13391710,2023-11-21,2023-11-21,,"Jana Gana Mana","Jana Gana Mana",https://www.imdb.com/title/tt13391710/,Movie,8.3,162,2022,"Drama, Thriller",21432,2022-04-28,"Dijo Jose Antony"
50,tt7797658,2023-11-21,2023-11-21,,"Awe!","Awe!",https://www.imdb.com/title/tt7797658/,Movie,7.6,150,2018,"Drama, Fantasy, Horror, Mystery, Sci-Fi, Thriller",6404,2018-02-16,"Prasanth Varma"
51,tt6747242,2023-11-21,2023-11-21,,"8 Thottakkal","8 Thottakkal",https://www.imdb.com/title/tt6747242/,Movie,7.5,145,2017,"Thriller",2471,2017-04-07,"Sri Ganesh, Sundaramurthy Ks, T Siva, Dilip Subarayan"
52,tt5559528,2023-11-21,2023-11-21,,"Maanagaram","Maanagaram",https://www.imdb.com/title/tt5559528/,Movie,8.1,137,2017,"Action, Thriller",8765,2017-03-10,"Lokesh Kanagaraj"
53,tt7060460,2023-11-21,2023-11-21,,"Theeran Adhigaaram Ondru","Theeran Adhigaaram Ondru",https://www.imdb.com/title/tt7060460/,Movie,8.2,157,2017,"Action, Crime, Thriller",19294,2017-11-17,"H. Vinoth"
54,tt9454892,2023-11-21,2023-11-21,,"Hello Mini","Hello Mini",https://www.imdb.com/title/tt9454892/,TV Series,7.6,25,2019,"Thriller",16421,2019-10-01,
55,tt15130204,2023-11-21,2023-11-21,,"Seetharaam Benoy Case Number Eighteen","Seetharaam Benoy Case Number Eighteen",https://www.imdb.com/title/tt15130204/,Movie,6.6,125,2021,"Crime",2632,2021-08-15,"Deviprasad Shetty"
56,tt7109900,2023-11-21,2023-11-21,,"Kavaludaari","Kavaludaari",https://www.imdb.com/title/tt7109900/,Movie,7.9,143,2019,"Crime, Drama, Mystery, Thriller",3558,2019-05-10,"Hemanth M. Rao"
57,tt11314148,2023-11-21,2023-11-21,,"Shiddat","Shiddat",https://www.imdb.com/title/tt11314148/,Movie,7.6,146,2021,"Romance",26476,2021-10-01,"Kunal Deshmukh"
58,tt11854694,2023-11-21,2023-11-21,,"Special OPS","Special Ops",https://www.imdb.com/title/tt11854694/,TV Series,8.6,49,2020,"Action, Crime, Thriller",43067,2020-03-17,
59,tt11143480,2023-11-21,2023-11-21,,"Kasada Thapara","Kasada Thapara",https://www.imdb.com/title/tt11143480/,Movie,7.2,137,2021,"Drama",1406,2021-08-27,"Chimbudeven"
60,tt11604676,2023-11-21,2023-11-21,,"Nayattu","Nayattu",https://www.imdb.com/title/tt11604676/,Movie,8.0,124,2021,"Crime, Thriller",10127,2021-04-08,"Martin Prakkat"
61,tt13978658,2023-11-21,2023-11-21,,"Salute","Salute",https://www.imdb.com/title/tt13978658/,Movie,7.0,145,2022,"Action, Crime, Drama, Mystery, Thriller",6565,2022-03-16,"Rosshan Andrrews"
62,tt8944398,2023-11-21,2023-11-21,,"Aadai","Aadai",https://www.imdb.com/title/tt8944398/,Movie,6.1,143,2019,"Drama, Thriller",1630,2019-07-19,"Rathna Kumar"
63,tt15477488,2023-11-21,2023-11-21,,"Farzi","Farzi",https://www.imdb.com/title/tt15477488/,TV Series,8.3,56,2023,"Crime, Drama, Thriller",53576,2023-02-10,
64,tt8178634,2023-11-21,2023-11-21,,"RRR","RRR (Rise Roar Revolt)",https://www.imdb.com/title/tt8178634/,Movie,7.8,187,2022,"Action, Adventure, Drama",194189,2022-03-25,"S.S. Rajamouli"
65,tt4281724,2023-11-21,2023-11-21,,"Terrifier","Terrifier",https://www.imdb.com/title/tt4281724/,Movie,5.5,85,2016,"Horror",91963,2018-03-15,"Damien Leone"
66,tt10403420,2023-11-21,2023-11-21,,"Terrifier 2","Terrifier 2",https://www.imdb.com/title/tt10403420/,Movie,6.0,138,2022,"Horror",79932,2022-10-06,"Damien Leone"
67,tt2924472,2023-11-21,2023-11-21,,"Mumbai Police","Mumbai Police",https://www.imdb.com/title/tt2924472/,Movie,7.9,145,2013,"Crime, Mystery, Thriller",8710,2013-05-03,"Rosshan Andrrews"
68,tt16404416,2023-11-21,2023-11-21,,"Maa Oori Polimera","Maa Oori Polimera",https://www.imdb.com/title/tt16404416/,Movie,7.2,98,2021,"Thriller",1191,2021-12-10,"Anil Viswanath"
69,tt21261388,2023-11-21,2023-11-21,,"Gargi","Gargi",https://www.imdb.com/title/tt21261388/,Movie,8.1,140,2022,"Drama, Thriller",8138,2022-07-15,"Gautham Ramachandran"
70,tt6720802,2023-11-21,2023-11-21,,"Trance","Trance",https://www.imdb.com/title/tt6720802/,Movie,7.3,170,2020,"Drama, Thriller",10265,2020-02-21,"Anwar Rasheed"
71,tt21908550,2023-11-21,2023-11-21,,"Vadhandhi: The Fable of Velonie","Vadhandhi: The Fable of Velonie",https://www.imdb.com/title/tt21908550/,TV Series,7.9,50,2022,"Crime, Drama, Mystery, Thriller",6048,2022-12-02,
72,tt7927936,2023-11-21,2023-11-21,,"Flames","Flames",https://www.imdb.com/title/tt7927936/,TV Series,8.8,30,2018,"Comedy, Drama, Romance",33832,2018-01-05,
73,tt11102262,2023-11-21,2023-11-21,,"Cadaver","Cadaver",https://www.imdb.com/title/tt11102262/,Movie,6.5,123,2022,"Crime, Drama, Mystery, Thriller",4043,2022-08-12,"Anoop Panicker"
74,tt14986012,2023-11-21,2023-11-21,,"12th Man","12th Man",https://www.imdb.com/title/tt14986012/,Movie,6.8,163,2022,"Crime, Drama, Mystery, Thriller",4984,2022-05-20,"Jeethu Joseph"
75,tt15097330,2023-11-21,2023-11-21,,"Deja Vu","Deja Vu",https://www.imdb.com/title/tt15097330/,Movie,6.6,117,2022,"Mystery, Thriller",1621,2022-07-22,"Arvindh Srinivasan"
76,tt19886242,2023-11-21,2023-11-21,,"Rorschach","Rorschach",https://www.imdb.com/title/tt19886242/,Movie,6.9,150,2022,"Action, Mystery, Thriller",7388,2022-10-14,"Nissam Basheer"
77,tt17632818,2023-11-21,2023-11-21,,"Kooman","Kooman",https://www.imdb.com/title/tt17632818/,Movie,7.3,153,2022,"Drama, Mystery, Thriller",4920,2022-11-04,"Jeethu Joseph"
78,tt14485734,2023-11-21,2023-11-21,,"Black Butterflies","Les papillons noirs",https://www.imdb.com/title/tt14485734/,TV Mini Series,7.5,50,2022,"Crime, Drama, Mystery, Romance, Thriller",6371,2022-10-14,
79,tt5753856,2023-11-21,2023-11-21,,"Dark","Dark",https://www.imdb.com/title/tt5753856/,TV Series,8.7,60,2017,"Crime, Drama, Mystery, Sci-Fi, Thriller",518341,2017-12-01,
80,tt11497402,2023-11-21,2023-11-21,,"V1 Murder Case","V1 Murder Case",https://www.imdb.com/title/tt11497402/,Movie,6.7,112,2019,"Drama, Thriller",1561,2019-12-27,"Pavel Navageethan"
81,tt17501658,2023-11-21,2023-11-21,,"Antakshari","Antakshari",https://www.imdb.com/title/tt17501658/,Movie,6.5,121,2022,"Crime, Thriller",1646,2022-04-22,"Vipin Das"
82,tt14495388,2023-11-21,2023-11-21,,"Innale Vare","Innale Vare",https://www.imdb.com/title/tt14495388/,Movie,6.2,136,2022,"Drama, Thriller",871,2022-06-08,"Jis Joy"
83,tt4160708,2023-11-21,2023-11-21,,"Don't Breathe","Don't Breathe",https://www.imdb.com/title/tt4160708/,Movie,7.1,88,2016,"Crime, Horror, Thriller",325785,2016-09-09,"Fede Alvarez"
84,tt12908508,2023-11-21,2023-11-21,,"John Luther","John Luther",https://www.imdb.com/title/tt12908508/,Movie,6.8,135,2022,"Crime, Mystery, Thriller",3441,2022-05-27,"Abhijith Joseph"
85,tt24067680,2023-11-21,2023-11-21,,"Run Baby Run","Run Baby Run",https://www.imdb.com/title/tt24067680/,Movie,6.3,131,2023,"Action, Thriller",1623,2023-02-03,"Jiyen Krishnakumar"
86,tt12573294,2023-11-21,2023-11-21,,"Love","Love",https://www.imdb.com/title/tt12573294/,Movie,7.0,92,2020,"Drama, Thriller",1819,2021-01-29,"Khalid Rahman"
87,tt4987556,2023-11-21,2023-11-21,,"Thani Oruvan","Thani Oruvan",https://www.imdb.com/title/tt4987556/,Movie,8.4,160,2015,"Action, Crime, Drama, Thriller",23890,2015-08-28,"Mohan Raja"
88,tt6027478,2023-11-21,2023-11-21,,"Dhruva","Dhruva",https://www.imdb.com/title/tt6027478/,Movie,7.7,165,2016,"Action, Crime, Drama, Thriller",8716,2016-12-09,"Surender Reddy"
89,tt10275440,2023-11-21,2023-11-21,,"K-13","K-13",https://www.imdb.com/title/tt10275440/,Movie,6.0,103,2019,"Action, Drama, Mystery, Thriller",614,2019-05-03,"Barath Neelakantan"
90,tt8733898,2023-11-21,2023-11-21,,"U-Turn","U-Turn",https://www.imdb.com/title/tt8733898/,Movie,6.9,128,2018,"Crime, Horror, Mystery, Thriller",4651,2018-09-13,"Pawan Kumar"
91,tt15325794,2023-11-21,2023-11-21,,"Fall","Fall",https://www.imdb.com/title/tt15325794/,Movie,6.4,107,2022,"Action, Thriller",130254,2022-09-02,"Scott Mann"
92,tt22027654,2023-11-21,2023-11-21,,"Jaya Jaya Jaya Jaya Hey","Jaya Jaya Jaya Jaya Hey",https://www.imdb.com/title/tt22027654/,Movie,7.7,145,2022,"Comedy, Drama, Family",7290,2022-10-28,"Vipin Das"
93,tt15546822,2023-11-21,2023-11-21,,"Mukundan Unni Associates","Mukundan Unni Associates",https://www.imdb.com/title/tt15546822/,Movie,7.9,128,2022,"Comedy, Crime, Drama",7193,2022-11-11,"Abhinav Sunder Nayak"
94,tt10888878,2023-11-21,2023-11-21,,"Clickbait","Clickbait",https://www.imdb.com/title/tt10888878/,TV Mini Series,7.2,50,2021,"Crime, Drama, Mystery, Thriller",66633,2021-08-25,
95,tt9006564,2023-11-21,2023-11-21,,"2018","2018",https://www.imdb.com/title/tt9006564/,Movie,8.3,150,2023,"Action, Drama, Thriller",16225,2023-05-05,"Jude Anthany Joseph"
96,tt1373156,2023-11-21,2023-11-21,,"Karthik Calling Karthik","Karthik Calling Karthik",https://www.imdb.com/title/tt1373156/,Movie,7.2,135,2010,"Drama, Mystery, Romance, Thriller",16043,2010-02-26,"Vijay Lalwani"
97,tt11912196,2023-11-21,2023-11-21,,"Asur: Welcome to Your Dark Side","Asur: Welcome to Your Dark Side",https://www.imdb.com/title/tt11912196/,TV Series,8.5,43,2020,"Crime, Drama, Mystery, Thriller",69913,2020-03-02,
98,tt1321511,2023-11-21,2023-11-21,,"Oldboy","Oldboy",https://www.imdb.com/title/tt1321511/,Movie,5.8,104,2013,"Action, Drama, Mystery, Thriller",84216,2013-12-06,"Spike Lee"
99,tt3565264,2023-11-21,2023-11-21,,"Thegidi","Thegidi",https://www.imdb.com/title/tt3565264/,Movie,7.6,126,2014,"Crime, Mystery, Thriller",3306,2014-02-28,"P. Ramesh"
100,tt12567088,2023-11-21,2023-11-21,,"Raat Akeli Hai","Raat Akeli Hai",https://www.imdb.com/title/tt12567088/,Movie,7.2,149,2020,"Crime, Drama, Mystery, Thriller",21604,2020-07-31,"Sunny Mandavarra, Honey Trehan"
101,tt11027830,2023-11-21,2023-11-21,,"Haseen Dillruba","Haseen Dillruba",https://www.imdb.com/title/tt11027830/,Movie,6.9,135,2021,"Crime, Drama, Mystery, Romance, Thriller",34705,2021-07-02,"Vinil Mathew"
102,tt1883121,2023-11-21,2023-11-21,,"404: Error Not Found","404: Error Not Found",https://www.imdb.com/title/tt1883121/,Movie,7.3,121,2011,"Drama, Mystery, Thriller",3677,2011-05-20,"Prawaal Raman"
103,tt2229842,2023-11-21,2023-11-21,,"Table No.21","Table No.21",https://www.imdb.com/title/tt2229842/,Movie,7.2,108,2013,"Drama, Thriller",15652,2013-01-04,"Aditya Datt"
104,tt11086194,2023-11-21,2023-11-21,,"Thankam","Thankam",https://www.imdb.com/title/tt11086194/,Movie,7.1,145,2023,"Crime, Drama",3951,2023-02-03,"Saheed Arafath, Prinish Prabhakaran"
105,tt3661988,2023-11-21,2023-11-21,,"7th Day","7th Day",https://www.imdb.com/title/tt3661988/,Movie,6.9,134,2014,"Mystery, Thriller",3550,2014-04-11,"Syamdhar"
106,tt1843335,2023-11-21,2023-11-21,,"Yutham Sei","Yutham Sei",https://www.imdb.com/title/tt1843335/,Movie,7.9,160,2011,"Action, Crime, Drama, Mystery, Thriller",2423,2011-02-03,"Mysskin"
107,tt10214826,2023-11-21,2023-11-21,,"Agent Sai Srinivasa Athreya","Agent Sai Srinivasa Athreya",https://www.imdb.com/title/tt10214826/,Movie,8.3,148,2019,"Comedy, Crime, Mystery, Thriller",21489,2019-05-31,"Swaroop Rsj"
108,tt12747570,2023-11-21,2023-11-21,,"Diary","Diary",https://www.imdb.com/title/tt12747570/,Movie,7.2,133,2022,"Crime, Drama, Thriller",2665,2022-08-26,"Innasi Pandiyan"
109,tt1130884,2023-11-21,2023-11-21,,"Shutter Island","Shutter Island",https://www.imdb.com/title/tt1130884/,Movie,8.2,138,2010,"Drama, Mystery, Thriller",1604530,2010-03-12,"Martin Scorsese"
110,tt5857968,2023-11-21,2023-11-21,,"Kuttrame Thandanai","Kuttrame Thandanai",https://www.imdb.com/title/tt5857968/,Movie,7.6,100,2016,"Crime, Drama, Mystery",2405,2016-09-02,"M. Manikandan"
111,tt4432480,2023-11-21,2023-11-21,,"RangiTaranga","RangiTaranga",https://www.imdb.com/title/tt4432480/,Movie,8.1,149,2015,"Mystery, Thriller",15851,2015-07-03,"Anup Bhandari"
112,tt6594758,2023-11-21,2023-11-21,,"Kuttram 23","Kuttram 23",https://www.imdb.com/title/tt6594758/,Movie,7.3,151,2017,"Action, Thriller",3331,2017-03-02,"Arivazhagan Venkatachalam"
113,tt8108196,2023-11-21,2023-11-21,,"Mental Hai Kya","Judgementall Hai Kya",https://www.imdb.com/title/tt8108196/,Movie,5.9,121,2019,"Comedy, Drama, Mystery",7170,2019-07-26,"Prakash Kovelamudi"
114,tt8914492,2023-11-21,2023-11-21,,"Game Over","Game Over",https://www.imdb.com/title/tt8914492/,Movie,6.9,102,2019,"Drama, Mystery, Thriller",8818,2019-06-14,"Ashwin Saravanan"
115,tt22488728,2023-11-21,2023-11-21,,"Love Today","Love Today",https://www.imdb.com/title/tt22488728/,Movie,8.0,154,2022,"Comedy, Drama, Romance",17859,2022-12-02,"Pradeep Ranganathan"
116,tt15568760,2023-11-21,2023-11-21,,"Nitham Oru Vaanam","Nitham Oru Vaanam",https://www.imdb.com/title/tt15568760/,Movie,7.3,146,2022,"Drama",2266,2022-11-04,"Ra Karthik"
117,tt26691319,2023-11-21,2023-11-21,,"Good Night","Good Night",https://www.imdb.com/title/tt26691319/,Movie,7.7,142,2023,"Comedy, Drama, Romance",5789,2023-05-12,"Vinayak Chandrasekaran"
118,tt11651550,2023-11-21,2023-11-21,,"Operation Java","Operation Java",https://www.imdb.com/title/tt11651550/,Movie,8.0,146,2021,"Crime, Drama, Thriller",5802,2021-02-12,"Tharun Moorthy, Sudhi Maddison"
119,tt8042292,2023-11-21,2023-11-21,,"Kannum Kannum Kollaiyadithaal","Kannum Kannum Kollaiyadithaal",https://www.imdb.com/title/tt8042292/,Movie,7.6,160,2020,"Comedy, Drama, Romance, Thriller",8883,2020-02-28,"Desingh Periyasamy"
120,tt25274786,2023-11-21,2023-11-21,,"Kannur Squad","Kannur Squad",https://www.imdb.com/title/tt25274786/,Movie,7.6,161,2023,"Action, Crime, Drama, Thriller",11902,2023-09-28,"Roby Varghese Raj"
121,tt8130968,2023-11-21,2023-11-21,,"Badla","Badla",https://www.imdb.com/title/tt8130968/,Movie,7.7,118,2019,"Crime, Drama, Mystery, Thriller",33998,2019-03-08,"Sujoy Ghosh"
122,tt0353969,2023-11-21,2023-11-21,,"Memories of Murder","Salinui chueok",https://www.imdb.com/title/tt0353969/,Movie,8.1,131,2003,"Crime, Drama, Mystery, Thriller",257055,2004-08-13,"Bong Joon Ho"
123,tt8188872,2023-11-21,2023-11-21,,"Varathan","Varathan",https://www.imdb.com/title/tt8188872/,Movie,7.5,130,2018,"Action, Drama, Thriller",5179,2018-10-04,"Amal Neerad"
124,tt13381376,2023-11-21,2023-11-21,,"Welcome Home","Welcome Home",https://www.imdb.com/title/tt13381376/,Movie,7.3,126,2020,"Crime, Drama, Horror, Thriller",5744,2020-11-06,"Pushkar Sunil Mahabal"
125,tt8633478,2023-11-21,2023-11-21,,"Run","Run",https://www.imdb.com/title/tt8633478/,Movie,6.7,90,2020,"Drama, Horror, Mystery, Thriller",110074,2021-04-02,"Aneesh Chaganty"
126,tt22002370,2023-11-21,2023-11-21,,"Connect","Keonekteu",https://www.imdb.com/title/tt22002370/,TV Series,6.5,45,2022,"Crime, Fantasy, Horror, Mystery, Thriller",2521,2022-12-07,
127,tt7155170,2023-11-21,2023-11-21,,"Liverleaf","Misumisô",https://www.imdb.com/title/tt7155170/,Movie,6.2,114,2018,"Horror, Thriller",1773,2018-04-07,"Eisuke Naitô"
128,tt11779616,2023-11-21,2023-11-21,,"Shivaji Surathkal","Shivaji Surathkal",https://www.imdb.com/title/tt11779616/,Movie,7.1,124,2020,"Drama, Mystery, Thriller",2089,2020-02-21,"Akash Srivatsa"
129,tt15716552,2023-11-21,2023-11-21,,"Tatsama Tadbhava","Tatsama Tadbhava",https://www.imdb.com/title/tt15716552/,Movie,7.4,122,2023,"Crime, Thriller",3838,2023-09-15,"Vishal Atreya"
130,tt20249418,2023-11-21,2023-11-21,,"Romancham","Romancham",https://www.imdb.com/title/tt20249418/,Movie,7.5,130,2023,"Comedy, Horror",11037,2023-02-03,"Jithu Madhavan"
131,tt3668162,2024-06-02,2024-06-02,,"Bangalore Days","Bangalore Days",https://www.imdb.com/title/tt3668162/,Movie,8.3,171,2014,"Comedy, Drama, Romance",27356,2014-05-30,"Anjali Menon"
132,tt26745657,2024-06-02,2024-06-02,,"Madgaon Express","Madgaon Express",https://www.imdb.com/title/tt26745657/,Movie,7.0,143,2024,"Comedy, Drama",42282,2024-03-22,"Kunal Kemmu"
133,tt27459160,2024-06-02,2024-06-02,,"Teri Baaton Mein Aisa Uljha Jiya","Teri Baaton Mein Aisa Uljha Jiya",https://www.imdb.com/title/tt27459160/,Movie,6.2,141,2024,"Comedy, Drama, Romance, Sci-Fi",55320,2024-02-09,"Amit Joshi, Aradhana Sah"
134,tt27744786,2024-06-02,2024-06-02,,"Shaitaan","Shaitaan",https://www.imdb.com/title/tt27744786/,Movie,6.5,132,2024,"Drama, Horror, Thriller",55919,2024-03-08,"Vikas Bahl"
135,tt26331750,2024-06-02,2024-06-02,,"Vash","Vash",https://www.imdb.com/title/tt26331750/,Movie,7.9,117,2023,"Horror, Mystery, Thriller",2710,2023-02-10,"Krishnadev Yagnik"
136,tt7700730,2024-06-02,2024-06-02,,"October","October",https://www.imdb.com/title/tt7700730/,Movie,7.6,115,2018,"Drama, Romance",20616,2018-04-13,"Shoojit Sircar"
137,tt4158110,2024-06-02,2024-06-02,,"Mr. Robot","Mr. Robot",https://www.imdb.com/title/tt4158110/,TV Series,8.5,45,2015,"Crime, Drama, Thriller",457446,2015-10-16,
138,tt27302079,2024-06-02,2024-06-02,,"Aattam","Aattam",https://www.imdb.com/title/tt27302079/,Movie,8.1,139,2023,"Drama, Mystery, Thriller",5306,2024-01-12,"Anand Ekarshi"
139,tt3697626,2024-06-02,2024-06-02,,"A Hard Day","Kkeutkkaji ganda",https://www.imdb.com/title/tt3697626/,Movie,7.2,111,2014,"Action, Crime, Thriller",18123,2014-05-29,"Kim Seong-hun"
140,tt26660021,2024-06-02,2024-06-02,,"Aavesham","Aavesham",https://www.imdb.com/title/tt26660021/,Movie,7.8,155,2024,"Action, Comedy",32024,2024-04-11,"Jithu Madhavan"
141,tt13528564,2024-06-02,2024-06-02,,"Ante Sundharaniki","Ante Sundharaniki",https://www.imdb.com/title/tt13528564/,Movie,7.6,173,2022,"Comedy, Romance",9488,2022-06-10,"Vivek Athreya"
142,tt12953548,2024-06-02,2024-06-02,,"Super Sharanya","Super Sharanya",https://www.imdb.com/title/tt12953548/,Movie,6.4,161,2022,"Comedy, Romance",2452,2022-01-07,"Girish A.D."
143,tt10551608,2024-06-02,2024-06-02,,"Thanneermathan Dinangal","Thanneer Mathan Dhinangal",https://www.imdb.com/title/tt10551608/,Movie,7.8,136,2019,"Comedy, Romance",3984,2019-08-09,"Girish A.D."
144,tt31701070,2024-06-02,2024-06-02,,"Inspector Rishi","Inspector Rishi",https://www.imdb.com/title/tt31701070/,TV Series,7.2,45,2024,"Drama, Horror, Mystery",3101,2024-03-29,
145,tt10919132,2024-06-02,2024-06-02,,"Love Mocktail","Love Mocktail",https://www.imdb.com/title/tt10919132/,Movie,8.2,153,2020,"Drama, Romance",4801,2020-01-31,"Darling Krishna"
146,tt11235142,2024-06-02,2024-06-02,,"Dia","Dia",https://www.imdb.com/title/tt11235142/,Movie,8.0,137,2020,"Drama, Romance",7883,2020-02-07,"K.S. Ashoka"
147,tt18184012,2024-06-02,2024-06-02,,"Love Mocktail 2","Love Mocktail 2",https://www.imdb.com/title/tt18184012/,Movie,7.4,140,2022,"Drama, Romance",2721,2022-02-11,"Darling Krishna"
148,tt27411198,2024-06-02,2024-06-02,,"Garudan","Garudan",https://www.imdb.com/title/tt27411198/,Movie,7.3,138,2023,"Crime, Thriller",3050,2023-11-03,"Arun Varma"
149,tt27510257,2024-06-02,2024-06-02,,"Thalavan","Thalavan",https://www.imdb.com/title/tt27510257/,Movie,7.2,131,2024,"Crime, Mystery, Thriller",6728,2024-05-24,"Jis Joy"
150,tt27816710,2024-06-02,2024-06-02,,"Abraham Ozler","Abraham Ozler",https://www.imdb.com/title/tt27816710/,Movie,6.6,143,2024,"Crime, Drama, Mystery, Thriller",5205,2024-01-11,"Midhun Manuel Thomas"
151,tt13927994,2024-06-02,2024-06-02,,"Salaar","Salaar: Part 1 - Ceasefire",https://www.imdb.com/title/tt13927994/,Movie,6.6,175,2023,"Action, Crime, Drama, Thriller",77494,2023-12-22,"Prashanth Neel"
152,tt13885428,2024-06-02,2024-06-02,,"Anweshippin Kandethum","Anweshippin Kandethum",https://www.imdb.com/title/tt13885428/,Movie,7.4,142,2024,"Crime, Drama, Mystery, Thriller",11924,2024-02-16,"Darwin Kuriakose"
153,tt1637725,2024-06-02,2024-06-02,,"Ted","Ted",https://www.imdb.com/title/tt1637725/,Movie,6.9,106,2012,"Comedy",699823,2012-08-01,"Seth MacFarlane"
154,tt2637276,2024-06-02,2024-06-02,,"Ted 2","Ted 2",https://www.imdb.com/title/tt2637276/,Movie,6.3,115,2015,"Comedy",255311,2015-07-08,"Seth MacFarlane"
155,tt28358950,2024-06-02,2024-06-02,,"Neru","Neru",https://www.imdb.com/title/tt28358950/,Movie,7.5,150,2023,"Drama, Thriller",10859,2023-12-21,"Jeethu Joseph"
156,tt29899652,2024-06-02,2024-06-02,,"Night Has Come","Night Has Come",https://www.imdb.com/title/tt29899652/,TV Mini Series,7.2,30,2023,"Horror, Mystery, Thriller",3554,2023-12-04,
157,tt6466208,2024-06-02,2024-06-02,,"Breathe","Breathe",https://www.imdb.com/title/tt6466208/,TV Series,8.2,45,2018,"Crime, Drama, Thriller",22877,2018-01-26,
158,tt12405230,2024-06-02,2024-06-02,,"Breathe: Into the Shadows","Breathe: Into the Shadows",https://www.imdb.com/title/tt12405230/,TV Series,7.6,46,2020,"Drama, Thriller",19531,2020-07-10,
159,tt6246322,2024-06-02,2024-06-02,,"Don't Breathe 2","Don't Breathe 2",https://www.imdb.com/title/tt6246322/,Movie,6.0,98,2021,"Action, Crime, Horror, Thriller",80271,2021-08-13,"Rodo Sayagues"
160,tt7784604,2024-06-02,2024-06-02,,"Hereditary","Hereditary",https://www.imdb.com/title/tt7784604/,Movie,7.3,127,2018,"Drama, Horror, Mystery, Thriller",442979,2018-06-15,"Ari Aster"
161,tt3886722,2024-06-02,2024-06-02,,"Dabbe 5: Curse of the Jinn","Dabbe: Zehr-i Cin",https://www.imdb.com/title/tt3886722/,Movie,5.9,133,2014,"Horror",4783,2014-09-12,"Hasan Karacadag"
162,tt26763310,2024-06-02,2024-06-02,,"Mangalavaram","Mangalavaaram",https://www.imdb.com/title/tt26763310/,Movie,6.8,149,2023,"Action, Horror, Thriller",4125,2023-11-17,"Ajay Bhupathi"
163,tt14169960,2024-06-02,2024-06-02,,"All of Us Are Dead","Jigeum uri hakgyoneun",https://www.imdb.com/title/tt14169960/,TV Series,7.6,60,2022,"Action, Drama, Fantasy, Horror, Sci-Fi, Thriller",85994,2022-01-28,
164,tt1190634,2024-06-02,2024-06-02,,"The Boys","The Boys",https://www.imdb.com/title/tt1190634/,TV Series,8.6,60,2019,"Action, Comedy, Crime, Drama, Sci-Fi",820165,2019-07-26,
165,tt24268454,2024-06-02,2024-06-02,,"The Kerala Story","The Kerala Story",https://www.imdb.com/title/tt24268454/,Movie,6.8,138,2023,"Drama",77650,2023-05-12,"Sudipto Sen, Vipul Amrutlal Shah"
166,tt23849204,2024-06-02,2024-06-02,,"12th Fail","12th Fail",https://www.imdb.com/title/tt23849204/,Movie,8.7,147,2023,"Biography, Drama",164375,2023-10-27,"Vidhu Vinod Chopra"
167,tt4991384,2024-06-02,2024-06-02,,"Visaaranai","Visaranai",https://www.imdb.com/title/tt4991384/,Movie,8.4,117,2015,"Crime, Drama, Thriller",14864,2016-02-05,"Vetrimaaran"
168,tt6167894,2024-06-02,2024-06-02,,"Angamaly Diaries","Angamaly Diaries",https://www.imdb.com/title/tt6167894/,Movie,7.9,132,2017,"Action, Comedy, Thriller",7031,2017-03-03,"Lijo Jose Pellissery"
169,tt15434074,2024-06-02,2024-06-02,,"Kho Gaye Hum Kahan","Kho Gaye Hum Kahan",https://www.imdb.com/title/tt15434074/,Movie,7.3,135,2023,"Comedy, Drama, Romance",31530,2023-12-26,"Arjun Varain Singh"
170,tt5959980,2024-06-02,2024-06-02,,"Vada Chennai","Vada Chennai",https://www.imdb.com/title/tt5959980/,Movie,8.4,164,2018,"Action, Crime, Drama, Thriller",23747,2018-10-17,"Vetrimaaran"
171,tt27540185,2024-06-02,2024-06-02,,"Chithha","Chithha",https://www.imdb.com/title/tt27540185/,Movie,8.2,140,2023,"Drama, Thriller",9206,2023-09-28,"S.U. Arun Kumar, Deeraj Vaidy"
172,tt11992424,2024-06-02,2024-06-02,,"Saptha Sagaradaache Ello - Side A","Sapta Sagaradaache Ello: Side A",https://www.imdb.com/title/tt11992424/,Movie,8.2,142,2023,"Drama, Romance",9506,2023-09-01,"Hemanth M. Rao"
173,tt28857146,2024-06-02,2024-06-02,,"Sapta Sagaradaache Ello: Side B","Sapta Sagaradaache Ello: Side B",https://www.imdb.com/title/tt28857146/,Movie,8.0,148,2023,"Action, Drama, Romance",5333,2023-11-17,"Hemanth M. Rao"
174,tt12677092,2024-06-02,2024-06-02,,"C U Soon","C U Soon",https://www.imdb.com/title/tt12677092/,Movie,7.6,98,2020,"Drama, Mystery, Thriller",7203,2020-09-01,"Mahesh Narayanan"
175,tt7668870,2024-06-02,2024-06-02,,"Searching","Searching",https://www.imdb.com/title/tt7668870/,Movie,7.6,102,2018,"Drama, Mystery, Thriller",190099,2018-08-31,"Aneesh Chaganty"
176,tt10855768,2024-06-02,2024-06-02,,"Missing","Missing",https://www.imdb.com/title/tt10855768/,Movie,7.1,111,2023,"Drama, Mystery, Thriller",70465,2023-04-21,"Nicholas D. Johnson, Will Merrick"
177,tt2203308,2024-06-17,2024-06-17,,"Aashiqui 2","Aashiqui 2",https://www.imdb.com/title/tt2203308/,Movie,7.1,132,2013,"Drama, Music, Musical, Romance",37468,2013-04-26,"Mohit Suri"
178,tt7268738,2024-06-17,2024-06-17,,"Minnal Murali","Minnal Murali",https://www.imdb.com/title/tt7268738/,Movie,7.8,158,2021,"Action, Comedy, Drama, Fantasy, Sci-Fi",34579,2021-12-24,"Basil Joseph"
179,tt0137523,2024-06-17,2024-06-17,,"Fight Club","Fight Club",https://www.imdb.com/title/tt0137523/,Movie,8.8,139,1999,"Crime, Drama, Thriller",2548662,1999-11-12,"David Fincher"
180,tt0816692,2024-06-17,2024-06-17,,"Interstellar","Interstellar",https://www.imdb.com/title/tt0816692/,Movie,8.7,169,2014,"Adventure, Drama, Sci-Fi",2447133,2014-11-07,"Christopher Nolan"
181,tt2245084,2024-06-17,2024-06-17,,"Big Hero 6","Big Hero 6",https://www.imdb.com/title/tt2245084/,Movie,7.8,102,2014,"Animation, Action, Adventure, Comedy, Crime, Family, Sci-Fi",543777,2015-01-30,"Don Hall, Chris Williams"
182,tt14056670,2024-06-19,2024-06-19,,"Paappan","Paappan",https://www.imdb.com/title/tt14056670/,Movie,6.7,169,2022,"Crime, Drama, Mystery, Thriller",2672,2022-07-29,"Joshiy"
183,tt15516546,2024-06-28,2024-06-28,,"Ela Veezha Poonchira","Ela Veezha Poonchira",https://www.imdb.com/title/tt15516546/,Movie,7.3,104,2022,"Crime, Mystery, Thriller",3189,2022-07-15,"Shahi Kabir"
184,tt8108202,2024-06-28,2024-06-28,,"Stree","Stree",https://www.imdb.com/title/tt8108202/,Movie,7.5,128,2018,"Comedy, Horror",47127,2018-08-31,"Amar Kaushik"
185,tt9214772,2024-07-15,2024-07-15,,"Monkey Man","Monkey Man",https://www.imdb.com/title/tt9214772/,Movie,6.8,121,2024,"Action, Crime, Thriller",97879,2024-04-05,"Dev Patel"
186,tt2096673,2024-07-15,2024-07-15,,"Inside Out","Inside Out",https://www.imdb.com/title/tt2096673/,Movie,8.1,95,2015,"Animation, Adventure, Comedy, Drama, Family, Fantasy",895090,2015-07-24,"Pete Docter, Ronnie Del Carmen"
187,tt22022452,2024-07-15,2024-07-15,,"Inside Out 2","Inside Out 2",https://www.imdb.com/title/tt22022452/,Movie,7.5,96,2024,"Animation, Adventure, Comedy, Drama, Family, Fantasy, Sport",238476,2024-06-14,"Kelsey Mann"
188,tt26548265,2024-07-15,2024-07-15,,"Maharaja","Maharaja",https://www.imdb.com/title/tt26548265/,Movie,8.3,141,2024,"Action, Crime, Drama, Thriller",77790,2024-06-14,"Nithilan Saminathan"
189,tt24485052,2024-07-15,2024-07-15,,"Sirf Ek Bandaa Kaafi Hai","Sirf Ek Bandaa Kaafi Hai",https://www.imdb.com/title/tt24485052/,Movie,8.0,132,2023,"Crime, Drama, Thriller",30865,2023-05-23,"Apoorv Singh Karki"
190,tt7618184,2024-07-15,2024-07-15,,"Mulk","Mulk",https://www.imdb.com/title/tt7618184/,Movie,7.2,140,2018,"Drama",22311,2018-08-03,"Anubhav Sinha"
191,tt6692354,2024-07-15,2024-07-15,,"Ittefaq","Ittefaq",https://www.imdb.com/title/tt6692354/,Movie,7.2,105,2017,"Mystery, Thriller",16638,2017-11-03,"Abhay Chopra"
192,tt28259207,2024-07-19,2024-07-19,,"Kill","Kill",https://www.imdb.com/title/tt28259207/,Movie,7.4,105,2023,"Action, Crime, Drama, Thriller",45212,2024-07-05,"Nikhil Nagesh Bhat"
193,tt1448754,2024-07-24,2024-07-24,,"Thanksgiving","Thanksgiving",https://www.imdb.com/title/tt1448754/,Movie,6.2,106,2023,"Comedy, Horror, Mystery, Thriller",78410,2023-11-17,"Eli Roth"
194,tt21626284,2024-08-03,2024-08-03,,"Laapataa Ladies","Laapataa Ladies",https://www.imdb.com/title/tt21626284/,Movie,8.3,122,2023,"Comedy, Drama",57073,2024-03-01,"Kiran Rao"
195,tt11075264,2024-08-03,2024-08-03,,"Thallumaala","Thallumaala",https://www.imdb.com/title/tt11075264/,Movie,7.0,148,2022,"Action, Comedy, Drama",7917,2022-08-12,"Khalid Rahman"
196,tt20873118,2024-08-05,2024-08-05,,"Suzhal - The Vortex","Suzhal - The Vortex",https://www.imdb.com/title/tt20873118/,TV Series,8.1,46,2022,"Crime, Drama, Thriller",11191,2022-06-17,
197,tt28566478,2024-08-09,2024-08-09,,"Lover","Lover",https://www.imdb.com/title/tt28566478/,Movie,7.1,145,2024,"Drama",3347,2024-02-09,"Prabhu Ram Vyas, Madhan"
198,tt1646959,2024-08-09,2024-08-09,,"Bedevilled","Kim Bok-nam salinsageonui jeonmal",https://www.imdb.com/title/tt1646959/,Movie,7.2,115,2010,"Drama, Horror, Thriller",19031,2010-09-02,"Cheol-soo Jang"
199,tt11280740,2024-08-10,2024-08-10,,"Severance","Severance",https://www.imdb.com/title/tt11280740/,TV Series,8.7,50,2022,"Drama, Mystery, Sci-Fi, Thriller",360993,2022-02-18,
200,tt6972140,2024-08-16,2024-08-16,,"Blackmail","Blackmail",https://www.imdb.com/title/tt6972140/,Movie,7.2,138,2018,"Comedy, Drama, Thriller",13188,2018-04-06,"Abhinay Deo"
201,tt12687276,2024-08-18,2024-08-18,,"Kala","Kala",https://www.imdb.com/title/tt12687276/,Movie,6.7,130,2021,"Action, Thriller",4175,2021-03-25,"Rohith V.S."
202,tt6340112,2024-08-25,2024-08-25,,"Bogan","Bogan",https://www.imdb.com/title/tt6340112/,Movie,6.4,160,2017,"Action, Fantasy",2274,2020-01-01,"Lakshman"
203,tt27510174,2024-09-01,2024-09-01,,"Stree 2","Stree 2: Sarkate Ka Aatank",https://www.imdb.com/title/tt27510174/,Movie,6.9,147,2024,"Comedy, Horror",45566,2024-08-15,"Amar Kaushik"
204,tt11732164,2024-09-02,2024-09-02,,"Pathu Thala","Pathu Thala",https://www.imdb.com/title/tt11732164/,Movie,6.7,151,2023,"Action, Crime, Drama",10257,2023-03-30,"Obeli N. Krishna"
205,tt14099334,2024-09-06,2024-09-06,,"Bhediya","Bhediya",https://www.imdb.com/title/tt14099334/,Movie,6.7,156,2022,"Comedy, Horror, Thriller",28654,2022-11-25,"Amar Kaushik"
206,tt27995594,2024-09-06,2024-09-06,,"Munjya","Munjya",https://www.imdb.com/title/tt27995594/,Movie,6.3,123,2024,"Comedy, Horror",28264,2024-06-07,"Aditya Sarpotdar"
207,tt12735488,2024-09-06,2024-09-06,,"Kalki 2898-AD","Kalki 2898-AD",https://www.imdb.com/title/tt12735488/,Movie,7.0,180,2024,"Action, Adventure, Sci-Fi",73794,2024-06-27,"Nag Ashwin"
208,tt25400540,2024-09-08,2024-09-08,,"Guruvayoor Ambalanadayil","Guruvayoor Ambalanadayil",https://www.imdb.com/title/tt25400540/,Movie,6.6,132,2024,"Comedy",5940,2024-05-16,"Vipin Das"
209,tt5200962,2024-09-10,2024-09-10,,"Kadhalum Kadandhu Pogum","Kadhalum Kadanthu Pogum",https://www.imdb.com/title/tt5200962/,Movie,7.5,136,2016,"Comedy, Drama, Romance",4149,2016-03-11,"Nalan Kumarasamy"
210,tt6857112,2024-09-13,2024-09-13,,"Us","Us",https://www.imdb.com/title/tt6857112/,Movie,6.8,116,2019,"Horror, Mystery, Thriller",383039,2019-03-22,"Jordan Peele"
211,tt0995740,2024-09-16,2024-09-16,,"No Smoking","No Smoking",https://www.imdb.com/title/tt0995740/,Movie,7.3,128,2007,"Drama, Horror, Mystery, Thriller",10769,2007-10-26,"Anurag Kashyap"
212,tt26233598,2024-09-16,2024-09-16,,"Raayan","Raayan",https://www.imdb.com/title/tt26233598/,Movie,6.5,145,2024,"Action, Crime, Drama, Thriller",13545,2024-07-26,"Dhanush"
213,tt4761916,2024-09-16,2024-09-16,,"Unfriended: Dark Web","Unfriended: Dark Web",https://www.imdb.com/title/tt4761916/,Movie,6.0,92,2018,"Horror, Mystery, Thriller",42206,2018-08-10,"Stephen Susco"
214,tt9288030,2024-10-06,2024-10-06,,"Reacher","Reacher",https://www.imdb.com/title/tt9288030/,TV Series,8.0,50,2022,"Action, Crime, Drama, Thriller",280965,2022-02-04,
215,tt21626774,2024-10-06,2024-10-06,,"Sector 36","Sector 36",https://www.imdb.com/title/tt21626774/,Movie,7.1,123,2024,"Crime, Drama, Thriller",26548,2024-09-13,"Aditya Nimbalkar"
216,tt27561663,2024-10-06,2024-10-06,,"Garudan","Garudan",https://www.imdb.com/title/tt27561663/,Movie,7.1,133,2024,"Action",3538,2024-07-03,"R.S. Durai Senthilkumar"
217,tt26903104,2024-10-11,2024-10-11,,"Saripodhaa Sanivaaram","Saripodhaa Sanivaaram",https://www.imdb.com/title/tt26903104/,Movie,7.1,166,2024,"Action, Crime, Drama, Thriller",13051,2024-08-28,"Vivek Athreya"
218,tt7335184,2024-10-11,2024-10-11,,"You","You",https://www.imdb.com/title/tt7335184/,TV Series,7.6,45,2018,"Crime, Drama, Romance, Thriller",356279,2018-12-26,
219,tt9680440,2024-10-14,2024-10-14,,"Paatal Lok","Paatal Lok",https://www.imdb.com/title/tt9680440/,TV Series,8.2,44,2020,"Action, Crime, Drama, Mystery, Thriller",74113,2020-05-15,
220,tt1821480,2024-10-15,2024-10-15,,"Kahaani","Kahaani",https://www.imdb.com/title/tt1821480/,Movie,8.1,122,2012,"Mystery, Thriller",69324,2012-03-16,"Sujoy Ghosh"
221,tt7493974,2024-10-21,2024-10-21,,"Bodyguard","Bodyguard",https://www.imdb.com/title/tt7493974/,TV Series,8.0,60,2018,"Crime, Drama, Mystery, Thriller",166847,2018-08-26,
222,tt5775536,2024-10-27,2024-10-27,,"My Client's Wife","My Client's Wife",https://www.imdb.com/title/tt5775536/,Movie,6.2,106,2020,"Mystery, Thriller",1168,2020-07-31,"Prabhakar Meena Bhaskar Pant"
223,tt15474916,2024-10-27,2024-10-27,,"Smile","Smile",https://www.imdb.com/title/tt15474916/,Movie,6.5,115,2022,"Horror, Mystery, Thriller",231829,2022-09-28,"Parker Finn"
224,tt29268110,2024-10-27,2024-10-27,,"Smile 2","Smile 2",https://www.imdb.com/title/tt29268110/,Movie,6.7,127,2024,"Horror, Mystery, Thriller",131971,2024-10-18,"Parker Finn"
225,tt27911000,2024-10-29,2024-10-29,,"Terrifier 3","Terrifier 3",https://www.imdb.com/title/tt27911000/,Movie,6.3,125,2024,"Horror",59700,2024-10-11,"Damien Leone"
226,tt28512693,2024-10-29,2024-10-29,,"Maa Oori Polimera 2","Maa Oori Polimera 2",https://www.imdb.com/title/tt28512693/,Movie,7.0,125,2023,"Horror",950,2023-11-03,"Anil Viswanath"
227,tt33291871,2024-11-02,2024-11-02,,"Mathu Vadalara 2","Mathu Vadalara 2",https://www.imdb.com/title/tt33291871/,Movie,7.0,139,2024,"Action, Comedy, Crime",1919,2024-09-13,"Ritesh Rana"
228,tt9389998,2024-11-02,2024-11-02,,"Pushpa: The Rise - Part 1","Pushpa: The Rise - Part 1",https://www.imdb.com/title/tt9389998/,Movie,7.6,179,2021,"Action, Crime, Drama, Thriller",98986,2021-12-17,"Sukumar"
229,tt29623480,2024-11-06,2024-11-06,,"The Wild Robot","The Wild Robot",https://www.imdb.com/title/tt29623480/,Movie,8.2,102,2024,"Animation, Adventure, Family, Sci-Fi",207314,2024-10-18,"Chris Sanders"
230,tt27540542,2024-11-11,2024-11-11,,"Lucky Baskhar","Lucky Baskhar",https://www.imdb.com/title/tt27540542/,Movie,8.0,148,2024,"Crime, Drama, Thriller",39541,2024-10-31,"Venky Atluri"
231,tt27118357,2024-11-11,2024-11-11,,"Amaran","Amaran",https://www.imdb.com/title/tt27118357/,Movie,8.1,167,2024,"Action, Biography, Drama, War",23192,2024-10-31,"Rajkumar Periasamy"
232,tt1645170,2024-11-16,2024-11-16,,"The Dictator","The Dictator",https://www.imdb.com/title/tt1645170/,Movie,6.5,83,2012,"Comedy",360248,2012-05-16,"Larry Charles"
233,tt15380608,2024-11-16,2024-11-16,,"Bagheera","Bagheera",https://www.imdb.com/title/tt15380608/,Movie,6.7,158,2024,"Action, Crime, Thriller",8572,2024-11-08,"D.R. Suri"
234,tt15980138,2024-11-23,2024-11-23,,"Kishkindha Kaandam","Kishkindha Kaandam",https://www.imdb.com/title/tt15980138/,Movie,8.0,133,2024,"Drama, Mystery, Thriller",15109,2024-09-12,"Dinjith Ayyathan"
235,tt5662932,2024-11-23,2024-11-23,,"Psycho Raman","Raman Raghav 2.0",https://www.imdb.com/title/tt5662932/,Movie,7.3,133,2016,"Crime, Drama, Thriller",17211,2016-06-24,"Anurag Kashyap"
236,tt3678782,2024-11-23,2024-11-23,,"Badlapur","Badlapur",https://www.imdb.com/title/tt3678782/,Movie,7.4,134,2015,"Action, Crime, Drama, Thriller",28261,2015-02-20,"Sriram Raghavan"
237,tt9813792,2024-11-25,2024-11-25,,"From","From",https://www.imdb.com/title/tt9813792/,TV Series,7.8,52,2022,"Drama, Horror, Mystery, Sci-Fi, Thriller",160453,2022-02-20,
238,tt23782140,2024-12-14,2024-12-14,,"Vaazhai","Vaazhai",https://www.imdb.com/title/tt23782140/,Movie,7.7,134,2024,"Drama",5344,2024-08-23,"Mari Selvaraj"
239,tt3742284,2024-12-14,2024-12-14,,"NH10","NH10",https://www.imdb.com/title/tt3742284/,Movie,7.2,115,2015,"Action, Crime, Drama, Thriller",14763,2015-03-13,"Navdeep Singh"
240,tt8458202,2024-12-15,2024-12-15,,"Pihu","Pihu",https://www.imdb.com/title/tt8458202/,Movie,6.7,91,2016,"Drama, Thriller",3132,2018-11-16,"Vinod Kapri"
241,tt12345200,2024-12-23,2024-12-23,,"Vezham","Vezham",https://www.imdb.com/title/tt12345200/,Movie,6.1,120,2022,"Drama",506,2022-06-24,"Sandeep Shyam"
242,tt33477418,2024-12-24,2024-12-24,,"Like Aani Subscribe","Like Aani Subscribe",https://www.imdb.com/title/tt33477418/,Movie,7.2,140,2024,"Mystery",6212,2024-10-18,"Abhishek Merukar"
243,tt33298502,2024-12-29,2024-12-29,,"Black","Black",https://www.imdb.com/title/tt33298502/,Movie,7.1,115,2024,"Horror, Mystery, Sci-Fi, Thriller",3136,2024-10-11,"Balasubramani KG"
244,tt27853611,2024-12-29,2024-12-29,,"Max","Max",https://www.imdb.com/title/tt27853611/,Movie,7.1,132,2024,"Action",3791,2024-12-25,"Vijay Karthikeyan"
245,tt5501124,2025-01-02,2025-01-02,,"Lapachhapi","Lapachhapi",https://www.imdb.com/title/tt5501124/,Movie,7.6,120,2017,"Drama, Horror, Mystery, Thriller",944,2017-07-14,"Vishal Furia"
246,tt26758372,2025-01-05,2025-01-05,,"Meiyazhagan","Meiyazhagan",https://www.imdb.com/title/tt26758372/,Movie,8.5,177,2024,"Drama, Family",21018,2024-09-27,"C. Prem Kumar"
247,tt11772746,2025-01-14,2025-01-14,,"Thiruchitrambalam","Thiruchitrambalam",https://www.imdb.com/title/tt11772746/,Movie,7.9,131,2022,"Comedy, Drama, Musical, Romance",18394,2022-08-18,"Mithran Jawahar"
248,tt15716624,2025-01-19,2025-01-19,,"Vilangu","Vilangu",https://www.imdb.com/title/tt15716624/,TV Series,8.0,40,2022,"Drama, Mystery, Thriller",5491,2022-02-18,
249,tt10208198,2025-01-22,2025-01-22,,"The Gangster, the Cop, the Devil","Akinjeon",https://www.imdb.com/title/tt10208198/,Movie,7.0,109,2019,"Action, Crime, Thriller",31521,2019-11-15,"Lee Won-tae"
250,tt32495687,2025-01-23,2025-01-23,,"Sookshma Darshini","Sookshmadarshini",https://www.imdb.com/title/tt32495687/,Movie,7.8,142,2024,"Comedy, Mystery, Thriller",12257,2024-11-22,"Mc Jithin"
251,tt10671436,2025-02-01,2025-02-01,,"Barot House","Barot House",https://www.imdb.com/title/tt10671436/,Movie,7.2,89,2019,"Mystery, Thriller",2048,2019-08-07,"Bugs Bhargava Krishna"
252,tt2621000,2025-02-25,2025-02-25,,"Jolly LLB","Jolly LLB",https://www.imdb.com/title/tt2621000/,Movie,7.5,135,2013,"Comedy, Crime, Drama",24782,2013-03-15,"Subhash Kapoor"
253,tt25433734,2025-03-06,2025-03-06,,"Hi Nanna","Hi Nanna",https://www.imdb.com/title/tt25433734/,Movie,8.3,155,2023,"Drama, Family, Romance",25183,2023-12-07,"Shouryuv"
254,tt23577326,2025-03-09,2025-03-09,,"I Am Kathalan","I Am Kathalan",https://www.imdb.com/title/tt23577326/,Movie,6.7,115,2024,"Comedy, Thriller",1447,2024-11-07,"Girish A.D."
255,tt6067752,2025-03-23,2025-03-23,,"Lucifer","Lucifer",https://www.imdb.com/title/tt6067752/,Movie,7.5,175,2019,"Action, Crime, Drama, Thriller",15709,2019-03-29,"Prithviraj Sukumaran"
256,tt32284154,2025-04-07,2025-04-07,,"Rekhachithram","Rekhachithram",https://www.imdb.com/title/tt32284154/,Movie,7.8,147,2025,"Drama, Mystery, Thriller",16585,2025-01-09,"Jofin T. Chacko"
257,tt34388152,2025-04-07,2025-04-07,,"Officer on Duty","Officer on Duty",https://www.imdb.com/title/tt34388152/,Movie,7.5,134,2025,"Action, Crime, Thriller",10841,2025-02-20,"Jithu Ashraf"
258,tt10505918,2025-04-07,2025-04-07,,"L2: Empuraan","L2: Empuraan",https://www.imdb.com/title/tt10505918/,Movie,6.2,179,2025,"Action, Crime, Thriller",13682,2025-03-27,"Prithviraj Sukumaran"
259,tt30089457,2025-04-09,2025-04-09,,"Ponman","Ponman",https://www.imdb.com/title/tt30089457/,Movie,7.4,125,2025,"Comedy, Drama",8213,2025-01-30,"Jotish Shankar"
260,tt29461220,2025-04-12,2025-04-12,,"Pani","Pani",https://www.imdb.com/title/tt29461220/,Movie,6.9,143,2024,"Action, Crime, Drama, Thriller",3721,2024-10-24,"Joju George"
261,tt29608092,2025-04-12,2025-04-12,,"Gumasthan","Gumasthan",https://www.imdb.com/title/tt29608092/,Movie,5.9,145,2024,"Crime, Thriller",593,2024-09-27,"Amal K. Joby"
262,tt5335128,2025-04-27,2025-04-27,,"Kali","Kali",https://www.imdb.com/title/tt5335128/,Movie,6.9,115,2016,"Action, Drama, Thriller",5829,2016-04-08,"Sameer Thahir"
263,tt31969600,2025-05-01,2025-05-01,,"Thudarum","Thudarum",https://www.imdb.com/title/tt31969600/,Movie,7.5,163,2025,"Action, Drama",13474,2025-04-25,"Tharun Moorthy"
264,tt2283748,2025-05-03,2025-05-03,,"OMG: Oh My God!","OMG: Oh My God!",https://www.imdb.com/title/tt2283748/,Movie,8.1,125,2012,"Comedy, Drama, Fantasy",70277,2012-09-28,"Umesh Shukla"
265,tt0119217,2025-05-04,2025-05-04,,"Good Will Hunting","Good Will Hunting",https://www.imdb.com/title/tt0119217/,Movie,8.3,126,1997,"Drama, Romance",1183061,1998-03-06,"Gus Van Sant"
266,tt33307144,2025-05-06,2025-05-06,,"Court - State Vs. A Nobody","Court: State vs. A Nobody",https://www.imdb.com/title/tt33307144/,Movie,7.9,155,2025,"Drama",11425,2025-03-14,"Ram Jagadeesh"
267,tt25153418,2025-05-08,2025-05-08,,"Purusha Pretham","Purusha Pretham",https://www.imdb.com/title/tt25153418/,Movie,7.2,153,2023,"Comedy, Crime, Drama, Mystery",1623,2023-03-24,"Krishand"
268,tt5548032,2025-05-14,2025-05-14,,"Oppam","Oppam",https://www.imdb.com/title/tt5548032/,Movie,7.3,143,2016,"Action, Thriller",4815,2016-09-08,"Priyadarshan"
269,tt1787988,2025-05-19,2025-05-19,,"Talaash","Talaash",https://www.imdb.com/title/tt1787988/,Movie,7.3,140,2012,"Crime, Drama, Mystery, Thriller",48122,2012-11-30,"Reema Kagti"
270,tt32539176,2025-05-23,2025-05-23,,"Praavinkoodu Shappu","Praavinkoodu Shappu",https://www.imdb.com/title/tt32539176/,Movie,6.6,146,2025,"Thriller",3305,2025-01-16,"Sreeraj Sreenivasan"
271,tt17526714,2025-05-24,2025-05-24,,"The Substance","The Substance",https://www.imdb.com/title/tt17526714/,Movie,7.2,141,2024,"Drama, Horror, Sci-Fi",379574,2024-09-20,"Coralie Fargeat"
272,tt7919680,2025-05-26,2025-05-26,,"Karwaan","Karwaan",https://www.imdb.com/title/tt7919680/,Movie,7.6,114,2018,"Adventure, Comedy, Drama",20017,2018-08-03,"Akarsh Khurana"
273,tt1119646,2025-05-28,2025-05-28,,"The Hangover","The Hangover",https://www.imdb.com/title/tt1119646/,Movie,7.7,100,2009,"Comedy",912778,2009-06-12,"Todd Phillips"
274,tt23804696,2025-06-01,2025-06-01,,"Hit: The Third Case","HIT: The 3rd Case",https://www.imdb.com/title/tt23804696/,Movie,6.9,154,2025,"Action, Crime, Thriller",13307,2025-05-01,"Sailesh Kolanu"
275,tt1411697,2025-06-04,2025-06-04,,"The Hangover Part II","The Hangover Part II",https://www.imdb.com/title/tt1411697/,Movie,6.5,102,2011,"Comedy",568829,2011-05-26,"Todd Phillips"
276,tt21440238,2025-06-07,2025-06-07,,"Ini Utharam","Ini Utharam",https://www.imdb.com/title/tt21440238/,Movie,6.4,126,2022,"Thriller",1159,2022-12-23,"Sudeesh Ramachandran"
277,tt32919734,2025-06-14,2025-06-14,,"Padakkalam","Padakkalam",https://www.imdb.com/title/tt32919734/,Movie,7.2,124,2025,"Comedy",7110,2025-05-23,"Manu Swaraj"
278,tt34915705,2025-06-14,2025-06-14,,"Tourist Family","Tourist Family",https://www.imdb.com/title/tt34915705/,Movie,8.2,150,2025,"Comedy, Drama",13756,2025-05-01,"Abishan Jeevinth, Harish Durairaj, Madhan"
279,tt28679253,2025-06-15,2025-06-15,,"Eleven","Eleven",https://www.imdb.com/title/tt28679253/,Movie,7.4,135,2025,"Crime, Mystery, Thriller",11564,2025-05-16,"Lokkesh Ajls"
280,tt19874970,2025-06-26,2025-06-26,,"Blink","Blink",https://www.imdb.com/title/tt19874970/,Movie,6.9,136,2024,"Sci-Fi, Thriller",1683,2024-03-08,"Srinidhi Bengaluru"
281,tt11322920,2025-07-03,2025-07-03,,"Ayappanu Koshium","Ayyappanum Koshiyum",https://www.imdb.com/title/tt11322920/,Movie,8.0,177,2020,"Action, Drama, Thriller",12157,2020-02-14,"Sachy"
282,tt1951261,2025-07-04,2025-07-04,,"The Hangover Part III","The Hangover Part III",https://www.imdb.com/title/tt1951261/,Movie,5.9,100,2013,"Comedy, Crime",357099,2013-05-24,"Todd Phillips"
283,tt7892050,2025-07-05,2025-07-05,,"Chekka Chivantha Vaanam","Chekka Chivantha Vaanam",https://www.imdb.com/title/tt7892050/,Movie,7.2,146,2018,"Action, Drama, Thriller",7402,2018-09-28,"Mani Ratnam"
284,tt9421570,2025-07-07,2025-07-07,,"The Guilty","The Guilty",https://www.imdb.com/title/tt9421570/,Movie,6.3,90,2021,"Crime, Drama, Thriller",169883,2021-10-01,"Antoine Fuqua"
285,tt29884526,2025-07-13,2025-07-13,,"Alappuzha Gymkhana","Alappuzha Gymkhana",https://www.imdb.com/title/tt29884526/,Movie,6.8,139,2025,"Action, Comedy, Drama",4846,2025-04-10,"Khalid Rahman"
286,tt35694565,2025-07-20,2025-07-20,,"#Single","#Single",https://www.imdb.com/title/tt35694565/,Movie,6.2,129,2025,"Romance",3042,2025-05-09,"Caarthick Raju"
287,tt27957740,2025-07-20,2025-07-20,,"Daaku Maharaaj","Daaku Maharaaj",https://www.imdb.com/title/tt27957740/,Movie,5.9,150,2025,"Action, Adventure, Crime, Drama, Thriller",5089,2025-01-11,"Bobby Kolli"
288,tt37629310,2025-08-08,2025-08-08,,"Su from So","Su from So",https://www.imdb.com/title/tt37629310/,Movie,7.7,137,2025,"Comedy, Horror",7308,2025-08-01,"J.P. Tuminadu"
289,tt31036941,2025-08-08,2025-08-08,,"Jurassic World: Rebirth","Jurassic World: Rebirth",https://www.imdb.com/title/tt31036941/,Movie,5.9,133,2025,"Action, Adventure, Sci-Fi, Thriller",162993,2025-07-02,"Gareth Edwards"
290,tt3175038,2025-08-08,2025-08-08,,"Ek Villain","Ek Villain",https://www.imdb.com/title/tt3175038/,Movie,6.6,129,2014,"Action, Crime, Drama, Romance, Thriller",24905,2014-06-27,"Mohit Suri"
291,tt15333916,2025-08-17,2025-08-17,,"Edagaiye Apaghatakke Karana","Edagaiye Apaghatakke Karana",https://www.imdb.com/title/tt15333916/,Movie,6.5,122,2025,"Comedy",365,2025-06-13,"Samarth Kadkol"
292,tt36507686,2025-08-27,2025-08-27,,"Ayyana Mane","Ayyana Mane",https://www.imdb.com/title/tt36507686/,TV Mini Series,6.9,,2025,"Mystery, Thriller",589,2025-04-25,
293,tt22898462,2025-09-09,2025-09-09,,"The Conjuring: Last Rites","The Conjuring: Last Rites",https://www.imdb.com/title/tt22898462/,Movie,6.2,135,2025,"Horror, Mystery, Thriller",82016,2025-09-05,"Michael Chaves"
294,tt33372494,2025-09-09,2025-09-09,,"Lokah Chapter One: Chandra","Lokah Chapter 1: Chandra",https://www.imdb.com/title/tt33372494/,Movie,7.7,151,2025,"Action, Fantasy",17520,2025-08-28,"Dominic Arun"
295,tt29383191,2025-09-20,2025-09-20,,"Maareesan","Maareesan",https://www.imdb.com/title/tt29383191/,Movie,7.4,150,2025,"Comedy, Drama, Thriller",8710,2025-07-25,"Sudheesh Sankar"
296,tt2436516,2025-10-14,2025-10-14,,"Go Goa Gone","Go Goa Gone",https://www.imdb.com/title/tt2436516/,Movie,6.7,108,2013,"Action, Adventure, Comedy, Horror, Sci-Fi",16777,2013-05-10,"Krishna D.K., Raj Nidimoru"
297,tt34335405,2025-10-14,2025-10-14,,"Soothravakyam","Soothravakyam",https://www.imdb.com/title/tt34335405/,Movie,7.4,108,2025,"Drama",3734,2025-07-11,"Eugien Jos Chirammel"
298,tt23846482,2025-10-27,2025-10-27,,"Kuberaa","Kuberaa",https://www.imdb.com/title/tt23846482/,Movie,6.4,181,2025,"Action, Crime, Drama, Thriller",8832,2025-06-19,"Sekhar Kammula"
299,tt29471661,2025-10-29,2025-10-29,,"DNA","DNA",https://www.imdb.com/title/tt29471661/,Movie,7.2,140,2025,,2567,2025-07-27,"Nelson Venkatesan"
300,tt7019842,2025-10-29,2025-10-29,,"96","96",https://www.imdb.com/title/tt7019842/,Movie,8.5,158,2018,"Drama, Romance",43715,2018-10-05,"C. Prem Kumar"
301,tt32065993,2025-11-02,2025-11-02,,"Marana Mass","Marana Mass",https://www.imdb.com/title/tt32065993/,Movie,6.5,139,2025,"Comedy",3784,2025-05-15,"Sivaprasad, Binu Narayan"
302,tt15654262,2025-11-15,2025-11-15,,"Chup - The Revenge of an Artist","Chup",https://www.imdb.com/title/tt15654262/,Movie,7.5,135,2022,"Drama, Horror, Mystery, Thriller",27338,2022-09-23,"R Balki"
303,tt35529436,2025-11-16,2025-11-16,,"Vash Level 2","Vash Level 2",https://www.imdb.com/title/tt35529436/,Movie,7.3,103,2025,"Horror, Thriller",4032,2025-08-27,"Krishnadev Yagnik"
304,tt36616410,2025-12-07,2025-12-07,,"Eko","Eko",https://www.imdb.com/title/tt36616410/,Movie,8.3,125,2025,,2083,2025-11-21,"Dinjith Ayyathan"
305,tt36388163,2025-12-07,2025-12-07,,"Dude","Dude",https://www.imdb.com/title/tt36388163/,Movie,6.3,140,2025,"Action, Comedy, Drama, Romance",7458,2025-10-17,"Keerthiswaran"
306,tt6079516,2025-12-07,2025-12-07,,"I See You","I See You",https://www.imdb.com/title/tt6079516/,Movie,6.8,98,2019,"Horror, Mystery, Thriller",74221,2025-10-01,"Adam Randall"
